timestamp,heartrate,steps,calories,gsr,skintemp,airtemp
"2016-04-22 00:00:00",,,,,,
"2016-04-22 00:01:00",,,,,,
"2016-04-22 00:02:00",,,,,,
"2016-04-22 00:03:00",,,,,,
"2016-04-22 00:04:00",,,,,,
"2016-04-22 00:05:00",,,,,,
"2016-04-22 00:06:00",,,,,,
"2016-04-22 00:07:00",,,,,,
"2016-04-22 00:08:00",,,,,,
"2016-04-22 00:09:00",,,,,,
"2016-04-22 00:10:00",,,,,,
"2016-04-22 00:11:00",,,,,,
"2016-04-22 00:12:00",,,,,,
"2016-04-22 00:13:00",,,,,,
"2016-04-22 00:14:00",,,,,,
"2016-04-22 00:15:00",,,,,,
"2016-04-22 00:16:00",,,,,,
"2016-04-22 00:17:00",,,,,,
"2016-04-22 00:18:00",,,,,,
"2016-04-22 00:19:00",,,,,,
"2016-04-22 00:20:00",,,,,,
"2016-04-22 00:21:00",,,,,,
"2016-04-22 00:22:00",,,,,,
"2016-04-22 00:23:00",,,,,,
"2016-04-22 00:24:00",,,,,,
"2016-04-22 00:25:00",,,,,,
"2016-04-22 00:26:00",,,,,,
"2016-04-22 00:27:00",,,,,,
"2016-04-22 00:28:00",,,,,,
"2016-04-22 00:29:00",,,,,,
"2016-04-22 00:30:00",,,,,,
"2016-04-22 00:31:00",,,,,,
"2016-04-22 00:32:00",,,,,,
"2016-04-22 00:33:00",,,,,,
"2016-04-22 00:34:00",,,,,,
"2016-04-22 00:35:00",,,,,,
"2016-04-22 00:36:00",,,,,,
"2016-04-22 00:37:00",,,,,,
"2016-04-22 00:38:00",,,,,,
"2016-04-22 00:39:00",,,,,,
"2016-04-22 00:40:00",,,,,,
"2016-04-22 00:41:00",,,,,,
"2016-04-22 00:42:00",,,,,,
"2016-04-22 00:43:00",,,,,,
"2016-04-22 00:44:00",,,,,,
"2016-04-22 00:45:00",,,,,,
"2016-04-22 00:46:00",,,,,,
"2016-04-22 00:47:00",,,,,,
"2016-04-22 00:48:00",,,,,,
"2016-04-22 00:49:00",,,,,,
"2016-04-22 00:50:00",,,,,,
"2016-04-22 00:51:00",,,,,,
"2016-04-22 00:52:00",,,,,,
"2016-04-22 00:53:00",,,,,,
"2016-04-22 00:54:00",,,,,,
"2016-04-22 00:55:00",,,,,,
"2016-04-22 00:56:00",,,,,,
"2016-04-22 00:57:00",,,,,,
"2016-04-22 00:58:00",,,,,,
"2016-04-22 00:59:00",,,,,,
"2016-04-22 01:00:00",,,,,,
"2016-04-22 01:01:00",,,,,,
"2016-04-22 01:02:00",,,,,,
"2016-04-22 01:03:00",,,,,,
"2016-04-22 01:04:00",,,,,,
"2016-04-22 01:05:00",,,,,,
"2016-04-22 01:06:00",,,,,,
"2016-04-22 01:07:00",,,,,,
"2016-04-22 01:08:00",,,,,,
"2016-04-22 01:09:00",,,,,,
"2016-04-22 01:10:00",,,,,,
"2016-04-22 01:11:00",,,,,,
"2016-04-22 01:12:00",,,,,,
"2016-04-22 01:13:00",,,,,,
"2016-04-22 01:14:00",,,,,,
"2016-04-22 01:15:00",,,,,,
"2016-04-22 01:16:00",,,,,,
"2016-04-22 01:17:00",,,,,,
"2016-04-22 01:18:00",,,,,,
"2016-04-22 01:19:00",,,,,,
"2016-04-22 01:20:00",,,,,,
"2016-04-22 01:21:00",,,,,,
"2016-04-22 01:22:00",,,,,,
"2016-04-22 01:23:00",,,,,,
"2016-04-22 01:24:00",,,,,,
"2016-04-22 01:25:00",,,,,,
"2016-04-22 01:26:00",,,,,,
"2016-04-22 01:27:00",,,,,,
"2016-04-22 01:28:00",,,,,,
"2016-04-22 01:29:00",,,,,,
"2016-04-22 01:30:00",,,,,,
"2016-04-22 01:31:00",,,,,,
"2016-04-22 01:32:00",,,,,,
"2016-04-22 01:33:00",,,,,,
"2016-04-22 01:34:00",,,,,,
"2016-04-22 01:35:00",,,,,,
"2016-04-22 01:36:00",,,,,,
"2016-04-22 01:37:00",,,,,,
"2016-04-22 01:38:00",,,,,,
"2016-04-22 01:39:00",,,,,,
"2016-04-22 01:40:00",,,,,,
"2016-04-22 01:41:00",,,,,,
"2016-04-22 01:42:00",,,,,,
"2016-04-22 01:43:00",,,,,,
"2016-04-22 01:44:00",,,,,,
"2016-04-22 01:45:00",,,,,,
"2016-04-22 01:46:00",,,,,,
"2016-04-22 01:47:00",,,,,,
"2016-04-22 01:48:00",,,,,,
"2016-04-22 01:49:00",,,,,,
"2016-04-22 01:50:00",,,,,,
"2016-04-22 01:51:00",,,,,,
"2016-04-22 01:52:00",,,,,,
"2016-04-22 01:53:00",,,,,,
"2016-04-22 01:54:00",,,,,,
"2016-04-22 01:55:00",,,,,,
"2016-04-22 01:56:00",,,,,,
"2016-04-22 01:57:00",,,,,,
"2016-04-22 01:58:00",,,,,,
"2016-04-22 01:59:00",,,,,,
"2016-04-22 02:00:00",,,,,,
"2016-04-22 02:01:00",,,,,,
"2016-04-22 02:02:00",,,,,,
"2016-04-22 02:03:00",,,,,,
"2016-04-22 02:04:00",,,,,,
"2016-04-22 02:05:00",,,,,,
"2016-04-22 02:06:00",,,,,,
"2016-04-22 02:07:00",,,,,,
"2016-04-22 02:08:00",,,,,,
"2016-04-22 02:09:00",,,,,,
"2016-04-22 02:10:00",,,,,,
"2016-04-22 02:11:00",,,,,,
"2016-04-22 02:12:00",,,,,,
"2016-04-22 02:13:00",,,,,,
"2016-04-22 02:14:00",,,,,,
"2016-04-22 02:15:00",,,,,,
"2016-04-22 02:16:00",,,,,,
"2016-04-22 02:17:00",,,,,,
"2016-04-22 02:18:00",,,,,,
"2016-04-22 02:19:00",,,,,,
"2016-04-22 02:20:00",,,,,,
"2016-04-22 02:21:00",,,,,,
"2016-04-22 02:22:00",,,,,,
"2016-04-22 02:23:00",,,,,,
"2016-04-22 02:24:00",,,,,,
"2016-04-22 02:25:00",,,,,,
"2016-04-22 02:26:00",,,,,,
"2016-04-22 02:27:00",,,,,,
"2016-04-22 02:28:00",,,,,,
"2016-04-22 02:29:00",,,,,,
"2016-04-22 02:30:00",,,,,,
"2016-04-22 02:31:00",,,,,,
"2016-04-22 02:32:00",,,,,,
"2016-04-22 02:33:00",,,,,,
"2016-04-22 02:34:00",,,,,,
"2016-04-22 02:35:00",,,,,,
"2016-04-22 02:36:00",,,,,,
"2016-04-22 02:37:00",,,,,,
"2016-04-22 02:38:00",,,,,,
"2016-04-22 02:39:00",,,,,,
"2016-04-22 02:40:00",,,,,,
"2016-04-22 02:41:00",,,,,,
"2016-04-22 02:42:00",,,,,,
"2016-04-22 02:43:00",,,,,,
"2016-04-22 02:44:00",,,,,,
"2016-04-22 02:45:00",,,,,,
"2016-04-22 02:46:00",,,,,,
"2016-04-22 02:47:00",,,,,,
"2016-04-22 02:48:00",,,,,,
"2016-04-22 02:49:00",,,,,,
"2016-04-22 02:50:00",,,,,,
"2016-04-22 02:51:00",,,,,,
"2016-04-22 02:52:00",,,,,,
"2016-04-22 02:53:00",,,,,,
"2016-04-22 02:54:00",,,,,,
"2016-04-22 02:55:00",,,,,,
"2016-04-22 02:56:00",,,,,,
"2016-04-22 02:57:00",,,,,,
"2016-04-22 02:58:00",,,,,,
"2016-04-22 02:59:00",,,,,,
"2016-04-22 03:00:00",,,,,,
"2016-04-22 03:01:00",,,,,,
"2016-04-22 03:02:00",,,,,,
"2016-04-22 03:03:00",,,,,,
"2016-04-22 03:04:00",,,,,,
"2016-04-22 03:05:00",,,,,,
"2016-04-22 03:06:00",,,,,,
"2016-04-22 03:07:00",,,,,,
"2016-04-22 03:08:00",,,,,,
"2016-04-22 03:09:00",,,,,,
"2016-04-22 03:10:00",,,,,,
"2016-04-22 03:11:00",,,,,,
"2016-04-22 03:12:00",,,,,,
"2016-04-22 03:13:00",,,,,,
"2016-04-22 03:14:00",,,,,,
"2016-04-22 03:15:00",,,,,,
"2016-04-22 03:16:00",,,,,,
"2016-04-22 03:17:00",,,,,,
"2016-04-22 03:18:00",,,,,,
"2016-04-22 03:19:00",,,,,,
"2016-04-22 03:20:00",,,,,,
"2016-04-22 03:21:00",,,,,,
"2016-04-22 03:22:00",,,,,,
"2016-04-22 03:23:00",,,,,,
"2016-04-22 03:24:00",,,,,,
"2016-04-22 03:25:00",,,,,,
"2016-04-22 03:26:00",,,,,,
"2016-04-22 03:27:00",,,,,,
"2016-04-22 03:28:00",,,,,,
"2016-04-22 03:29:00",,,,,,
"2016-04-22 03:30:00",,,,,,
"2016-04-22 03:31:00",,,,,,
"2016-04-22 03:32:00",,,,,,
"2016-04-22 03:33:00",,,,,,
"2016-04-22 03:34:00",,,,,,
"2016-04-22 03:35:00",,,,,,
"2016-04-22 03:36:00",,,,,,
"2016-04-22 03:37:00",,,,,,
"2016-04-22 03:38:00",,,,,,
"2016-04-22 03:39:00",,,,,,
"2016-04-22 03:40:00",,,,,,
"2016-04-22 03:41:00",,,,,,
"2016-04-22 03:42:00",,,,,,
"2016-04-22 03:43:00",,,,,,
"2016-04-22 03:44:00",,,,,,
"2016-04-22 03:45:00",,,,,,
"2016-04-22 03:46:00",,,,,,
"2016-04-22 03:47:00",,,,,,
"2016-04-22 03:48:00",,,,,,
"2016-04-22 03:49:00",,,,,,
"2016-04-22 03:50:00",,,,,,
"2016-04-22 03:51:00",,,,,,
"2016-04-22 03:52:00",,,,,,
"2016-04-22 03:53:00",,,,,,
"2016-04-22 03:54:00",,,,,,
"2016-04-22 03:55:00",,,,,,
"2016-04-22 03:56:00",,,,,,
"2016-04-22 03:57:00",,,,,,
"2016-04-22 03:58:00",,,,,,
"2016-04-22 03:59:00",,,,,,
"2016-04-22 04:00:00",,,,,,
"2016-04-22 04:01:00",,,,,,
"2016-04-22 04:02:00",,,,,,
"2016-04-22 04:03:00",,,,,,
"2016-04-22 04:04:00",,,,,,
"2016-04-22 04:05:00",,,,,,
"2016-04-22 04:06:00",,,,,,
"2016-04-22 04:07:00",,,,,,
"2016-04-22 04:08:00",,,,,,
"2016-04-22 04:09:00",,,,,,
"2016-04-22 04:10:00",,,,,,
"2016-04-22 04:11:00",,,,,,
"2016-04-22 04:12:00",,,,,,
"2016-04-22 04:13:00",,,,,,
"2016-04-22 04:14:00",,,,,,
"2016-04-22 04:15:00",,,,,,
"2016-04-22 04:16:00",,,,,,
"2016-04-22 04:17:00",,,,,,
"2016-04-22 04:18:00",,,,,,
"2016-04-22 04:19:00",,,,,,
"2016-04-22 04:20:00",,,,,,
"2016-04-22 04:21:00",,,,,,
"2016-04-22 04:22:00",,,,,,
"2016-04-22 04:23:00",,,,,,
"2016-04-22 04:24:00",,,,,,
"2016-04-22 04:25:00",,,,,,
"2016-04-22 04:26:00",,,,,,
"2016-04-22 04:27:00",,,,,,
"2016-04-22 04:28:00",,,,,,
"2016-04-22 04:29:00",,,,,,
"2016-04-22 04:30:00",,,,,,
"2016-04-22 04:31:00",,,,,,
"2016-04-22 04:32:00",,,,,,
"2016-04-22 04:33:00",,,,,,
"2016-04-22 04:34:00",,,,,,
"2016-04-22 04:35:00",,,,,,
"2016-04-22 04:36:00",,,,,,
"2016-04-22 04:37:00",,,,,,
"2016-04-22 04:38:00",,,,,,
"2016-04-22 04:39:00",,,,,,
"2016-04-22 04:40:00",,,,,,
"2016-04-22 04:41:00",,,,,,
"2016-04-22 04:42:00",,,,,,
"2016-04-22 04:43:00",,,,,,
"2016-04-22 04:44:00",,,,,,
"2016-04-22 04:45:00",,,,,,
"2016-04-22 04:46:00",,,,,,
"2016-04-22 04:47:00",,,,,,
"2016-04-22 04:48:00",,,,,,
"2016-04-22 04:49:00",,,,,,
"2016-04-22 04:50:00",,,,,,
"2016-04-22 04:51:00",,,,,,
"2016-04-22 04:52:00",,,,,,
"2016-04-22 04:53:00",,,,,,
"2016-04-22 04:54:00",,,,,,
"2016-04-22 04:55:00",,,,,,
"2016-04-22 04:56:00",,,,,,
"2016-04-22 04:57:00",,,,,,
"2016-04-22 04:58:00",,,,,,
"2016-04-22 04:59:00",,,,,,
"2016-04-22 05:00:00",,,,,,
"2016-04-22 05:01:00",,,,,,
"2016-04-22 05:02:00",,,,,,
"2016-04-22 05:03:00",,,,,,
"2016-04-22 05:04:00",,,,,,
"2016-04-22 05:05:00",,,,,,
"2016-04-22 05:06:00",,,,,,
"2016-04-22 05:07:00",,,,,,
"2016-04-22 05:08:00",,,,,,
"2016-04-22 05:09:00",,,,,,
"2016-04-22 05:10:00",,,,,,
"2016-04-22 05:11:00",,,,,,
"2016-04-22 05:12:00",,,,,,
"2016-04-22 05:13:00",,,,,,
"2016-04-22 05:14:00",,,,,,
"2016-04-22 05:15:00",,,,,,
"2016-04-22 05:16:00",,,,,,
"2016-04-22 05:17:00",,,,,,
"2016-04-22 05:18:00",,,,,,
"2016-04-22 05:19:00",,,,,,
"2016-04-22 05:20:00",,,,,,
"2016-04-22 05:21:00",,,,,,
"2016-04-22 05:22:00",,,,,,
"2016-04-22 05:23:00",,,,,,
"2016-04-22 05:24:00",,,,,,
"2016-04-22 05:25:00",,,,,,
"2016-04-22 05:26:00",,,,,,
"2016-04-22 05:27:00",,,,,,
"2016-04-22 05:28:00",,,,,,
"2016-04-22 05:29:00",,,,,,
"2016-04-22 05:30:00",,,,,,
"2016-04-22 05:31:00",,,,,,
"2016-04-22 05:32:00",,,,,,
"2016-04-22 05:33:00",,,,,,
"2016-04-22 05:34:00",,,,,,
"2016-04-22 05:35:00",,,,,,
"2016-04-22 05:36:00",,,,,,
"2016-04-22 05:37:00",,,,,,
"2016-04-22 05:38:00",,,,,,
"2016-04-22 05:39:00",,,,,,
"2016-04-22 05:40:00",,,,,,
"2016-04-22 05:41:00",,,,,,
"2016-04-22 05:42:00",,,,,,
"2016-04-22 05:43:00",,,,,,
"2016-04-22 05:44:00",,,,,,
"2016-04-22 05:45:00",,,,,,
"2016-04-22 05:46:00",,,,,,
"2016-04-22 05:47:00",,,,,,
"2016-04-22 05:48:00",,,,,,
"2016-04-22 05:49:00",,,,,,
"2016-04-22 05:50:00",,,,,,
"2016-04-22 05:51:00",,,,,,
"2016-04-22 05:52:00",,,,,,
"2016-04-22 05:53:00",,,,,,
"2016-04-22 05:54:00",,,,,,
"2016-04-22 05:55:00",,,,,,
"2016-04-22 05:56:00",,,,,,
"2016-04-22 05:57:00",,,,,,
"2016-04-22 05:58:00",,,,,,
"2016-04-22 05:59:00",,,,,,
"2016-04-22 06:00:00",,,,,,
"2016-04-22 06:01:00",,,,,,
"2016-04-22 06:02:00",,,,,,
"2016-04-22 06:03:00",,,,,,
"2016-04-22 06:04:00",,,,,,
"2016-04-22 06:05:00",,,,,,
"2016-04-22 06:06:00",,,,,,
"2016-04-22 06:07:00",,,,,,
"2016-04-22 06:08:00",,,,,,
"2016-04-22 06:09:00",,,,,,
"2016-04-22 06:10:00",,,,,,
"2016-04-22 06:11:00",,,,,,
"2016-04-22 06:12:00",,,,,,
"2016-04-22 06:13:00",,,,,,
"2016-04-22 06:14:00",,,,,,
"2016-04-22 06:15:00",,,,,,
"2016-04-22 06:16:00",,,,,,
"2016-04-22 06:17:00",,,,,,
"2016-04-22 06:18:00",,,,,,
"2016-04-22 06:19:00",,,,,,
"2016-04-22 06:20:00",,,,,,
"2016-04-22 06:21:00",,,,,,
"2016-04-22 06:22:00",,,,,,
"2016-04-22 06:23:00",,,,,,
"2016-04-22 06:24:00",,,,,,
"2016-04-22 06:25:00",,,,,,
"2016-04-22 06:26:00",,,,,,
"2016-04-22 06:27:00",,,,,,
"2016-04-22 06:28:00",,,,,,
"2016-04-22 06:29:00",,,,,,
"2016-04-22 06:30:00",,,,,,
"2016-04-22 06:31:00",,,,,,
"2016-04-22 06:32:00",,,,,,
"2016-04-22 06:33:00",,,,,,
"2016-04-22 06:34:00",,,,,,
"2016-04-22 06:35:00",,,,,,
"2016-04-22 06:36:00",,,,,,
"2016-04-22 06:37:00",,,,,,
"2016-04-22 06:38:00",,,,,,
"2016-04-22 06:39:00",,,,,,
"2016-04-22 06:40:00",,,,,,
"2016-04-22 06:41:00",,,,,,
"2016-04-22 06:42:00",,,,,,
"2016-04-22 06:43:00",,,,,,
"2016-04-22 06:44:00",,,,,,
"2016-04-22 06:45:00",,,,,,
"2016-04-22 06:46:00",,,,,,
"2016-04-22 06:47:00",,,,,,
"2016-04-22 06:48:00",,,,,,
"2016-04-22 06:49:00",,,,,,
"2016-04-22 06:50:00",,,,,,
"2016-04-22 06:51:00",,,,,,
"2016-04-22 06:52:00",,,,,,
"2016-04-22 06:53:00",,,,,,
"2016-04-22 06:54:00",,,,,,
"2016-04-22 06:55:00",,,,,,
"2016-04-22 06:56:00",,,,,,
"2016-04-22 06:57:00",,,,,,
"2016-04-22 06:58:00",,,,,,
"2016-04-22 06:59:00",,,,,,
"2016-04-22 07:00:00",,,,,,
"2016-04-22 07:01:00",,,,,,
"2016-04-22 07:02:00",,,,,,
"2016-04-22 07:03:00",,,,,,
"2016-04-22 07:04:00",,,,,,
"2016-04-22 07:05:00",,,,,,
"2016-04-22 07:06:00",,,,,,
"2016-04-22 07:07:00",,,,,,
"2016-04-22 07:08:00",,,,,,
"2016-04-22 07:09:00",,,,,,
"2016-04-22 07:10:00",,,,,,
"2016-04-22 07:11:00",,,,,,
"2016-04-22 07:12:00",,,,,,
"2016-04-22 07:13:00",,,,,,
"2016-04-22 07:14:00",,,,,,
"2016-04-22 07:15:00",,,,,,
"2016-04-22 07:16:00",,,,,,
"2016-04-22 07:17:00",,,,,,
"2016-04-22 07:18:00",,,,,,
"2016-04-22 07:19:00",,,,,,
"2016-04-22 07:20:00",,,,,,
"2016-04-22 07:21:00",,,,,,
"2016-04-22 07:22:00",,,,,,
"2016-04-22 07:23:00",,,,,,
"2016-04-22 07:24:00",,,,,,
"2016-04-22 07:25:00",,,,,,
"2016-04-22 07:26:00",,,,,,
"2016-04-22 07:27:00",,,,,,
"2016-04-22 07:28:00",,,,,,
"2016-04-22 07:29:00",,,,,,
"2016-04-22 07:30:00",,,,,,
"2016-04-22 07:31:00",,,,,,
"2016-04-22 07:32:00",,,,,,
"2016-04-22 07:33:00",,,,,,
"2016-04-22 07:34:00",,,,,,
"2016-04-22 07:35:00",,,,,,
"2016-04-22 07:36:00",,,,,,
"2016-04-22 07:37:00",,,,,,
"2016-04-22 07:38:00",,,,,,
"2016-04-22 07:39:00",,,,,,
"2016-04-22 07:40:00",,,,,,
"2016-04-22 07:41:00",,,,,,
"2016-04-22 07:42:00",,,,,,
"2016-04-22 07:43:00",,,,,,
"2016-04-22 07:44:00",,,,,,
"2016-04-22 07:45:00",,,,,,
"2016-04-22 07:46:00",,,,,,
"2016-04-22 07:47:00",,,,,,
"2016-04-22 07:48:00",,,,,,
"2016-04-22 07:49:00",,,,,,
"2016-04-22 07:50:00",,,,,,
"2016-04-22 07:51:00",,,,,,
"2016-04-22 07:52:00",,,,,,
"2016-04-22 07:53:00",,,,,,
"2016-04-22 07:54:00",,,,,,
"2016-04-22 07:55:00",,,,,,
"2016-04-22 07:56:00",,,,,,
"2016-04-22 07:57:00",,,,,,
"2016-04-22 07:58:00",,,,,,
"2016-04-22 07:59:00",,,,,,
"2016-04-22 08:00:00",,,,,,
"2016-04-22 08:01:00",,,,,,
"2016-04-22 08:02:00",,,,,,
"2016-04-22 08:03:00",,,,,,
"2016-04-22 08:04:00",,,,,,
"2016-04-22 08:05:00",,,,,,
"2016-04-22 08:06:00",,,,,,
"2016-04-22 08:07:00",,,,,,
"2016-04-22 08:08:00",,,,,,
"2016-04-22 08:09:00",,,,,,
"2016-04-22 08:10:00",,,,,,
"2016-04-22 08:11:00",,,,,,
"2016-04-22 08:12:00",,,,,,
"2016-04-22 08:13:00",,,,,,
"2016-04-22 08:14:00",,,,,,
"2016-04-22 08:15:00",,,,,,
"2016-04-22 08:16:00",,,,,,
"2016-04-22 08:17:00",,,,,,
"2016-04-22 08:18:00",,,,,,
"2016-04-22 08:19:00",,,,,,
"2016-04-22 08:20:00",,,,,,
"2016-04-22 08:21:00",,,,,,
"2016-04-22 08:22:00",,,,,,
"2016-04-22 08:23:00",,,,,,
"2016-04-22 08:24:00",,,,,,
"2016-04-22 08:25:00",,,,,,
"2016-04-22 08:26:00",,,,,,
"2016-04-22 08:27:00",,,,,,
"2016-04-22 08:28:00",,,,,,
"2016-04-22 08:29:00",,,,,,
"2016-04-22 08:30:00",,,,,,
"2016-04-22 08:31:00",,,,,,
"2016-04-22 08:32:00",,,,,,
"2016-04-22 08:33:00",,,,,,
"2016-04-22 08:34:00",,,,,,
"2016-04-22 08:35:00",,,,,,
"2016-04-22 08:36:00",,,,,,
"2016-04-22 08:37:00",,,,,,
"2016-04-22 08:38:00",,,,,,
"2016-04-22 08:39:00",,,,,,
"2016-04-22 08:40:00",,,,,,
"2016-04-22 08:41:00",,,,,,
"2016-04-22 08:42:00",,,,,,
"2016-04-22 08:43:00",,,,,,
"2016-04-22 08:44:00",,,,,,
"2016-04-22 08:45:00",,,,,,
"2016-04-22 08:46:00",,,,,,
"2016-04-22 08:47:00",,,,,,
"2016-04-22 08:48:00",,,,,,
"2016-04-22 08:49:00",,,,,,
"2016-04-22 08:50:00",,,,,,
"2016-04-22 08:51:00",,,,,,
"2016-04-22 08:52:00",,,,,,
"2016-04-22 08:53:00",,,,,,
"2016-04-22 08:54:00",,,,,,
"2016-04-22 08:55:00",,,,,,
"2016-04-22 08:56:00",,,,,,
"2016-04-22 08:57:00",,,,,,
"2016-04-22 08:58:00",,,,,,
"2016-04-22 08:59:00",,,,,,
"2016-04-22 09:00:00",,,,,,
"2016-04-22 09:01:00",,,,,,
"2016-04-22 09:02:00",,,,,,
"2016-04-22 09:03:00",,,,,,
"2016-04-22 09:04:00",,,,,,
"2016-04-22 09:05:00",,,,,,
"2016-04-22 09:06:00",,,,,,
"2016-04-22 09:07:00",,,,,,
"2016-04-22 09:08:00",,,,,,
"2016-04-22 09:09:00",,,,,,
"2016-04-22 09:10:00",,,,,,
"2016-04-22 09:11:00",,,,,,
"2016-04-22 09:12:00",,,,,,
"2016-04-22 09:13:00",,,,,,
"2016-04-22 09:14:00",,,,,,
"2016-04-22 09:15:00",,,,,,
"2016-04-22 09:16:00",,,,,,
"2016-04-22 09:17:00",,,,,,
"2016-04-22 09:18:00",,,,,,
"2016-04-22 09:19:00",,,,,,
"2016-04-22 09:20:00",,,,,,
"2016-04-22 09:21:00",,,,,,
"2016-04-22 09:22:00",,,,,,
"2016-04-22 09:23:00",,,,,,
"2016-04-22 09:24:00",,,,,,
"2016-04-22 09:25:00",,,,,,
"2016-04-22 09:26:00",,,,,,
"2016-04-22 09:27:00",,,,,,
"2016-04-22 09:28:00",,,,,,
"2016-04-22 09:29:00",,,,,,
"2016-04-22 09:30:00",,,,,,
"2016-04-22 09:31:00",,,,,,
"2016-04-22 09:32:00",,,,,,
"2016-04-22 09:33:00",,,,,,
"2016-04-22 09:34:00",,,,,,
"2016-04-22 09:35:00",,,,,,
"2016-04-22 09:36:00",,,,,,
"2016-04-22 09:37:00",,,,,,
"2016-04-22 09:38:00",,,,,,
"2016-04-22 09:39:00",,,,,,
"2016-04-22 09:40:00",,,,,,
"2016-04-22 09:41:00",,,,,,
"2016-04-22 09:42:00",,,,,,
"2016-04-22 09:43:00",,,,,,
"2016-04-22 09:44:00",,,,,,
"2016-04-22 09:45:00",,,,,,
"2016-04-22 09:46:00",,,,,,
"2016-04-22 09:47:00",,,,,,
"2016-04-22 09:48:00",,,,,,
"2016-04-22 09:49:00",,,,,,
"2016-04-22 09:50:00",,,,,,
"2016-04-22 09:51:00",,,,,,
"2016-04-22 09:52:00",,,,,,
"2016-04-22 09:53:00",,,,,,
"2016-04-22 09:54:00",,,,,,
"2016-04-22 09:55:00",,,,,,
"2016-04-22 09:56:00",,,,,,
"2016-04-22 09:57:00",,,,,,
"2016-04-22 09:58:00",,,,,,
"2016-04-22 09:59:00",,,,,,
"2016-04-22 10:00:00",,,,,,
"2016-04-22 10:01:00",,,,,,
"2016-04-22 10:02:00",,,,,,
"2016-04-22 10:03:00",,,,,,
"2016-04-22 10:04:00",,,,,,
"2016-04-22 10:05:00",,,,,,
"2016-04-22 10:06:00",,,,,,
"2016-04-22 10:07:00",,,,,,
"2016-04-22 10:08:00",,,,,,
"2016-04-22 10:09:00",,,,,,
"2016-04-22 10:10:00",,,,,,
"2016-04-22 10:11:00",,,,,,
"2016-04-22 10:12:00",,,,,,
"2016-04-22 10:13:00",,,,,,
"2016-04-22 10:14:00",,,,,,
"2016-04-22 10:15:00",,,,,,
"2016-04-22 10:16:00",,,,,,
"2016-04-22 10:17:00",,,,,,
"2016-04-22 10:18:00",,,,,,
"2016-04-22 10:19:00",,,,,,
"2016-04-22 10:20:00",,,,,,
"2016-04-22 10:21:00",,,,,,
"2016-04-22 10:22:00",,,,,,
"2016-04-22 10:23:00",,,,,,
"2016-04-22 10:24:00",,,,,,
"2016-04-22 10:25:00",,,,,,
"2016-04-22 10:26:00",,,,,,
"2016-04-22 10:27:00",,,,,,
"2016-04-22 10:28:00",,,,,,
"2016-04-22 10:29:00",,,,,,
"2016-04-22 10:30:00",,,,,,
"2016-04-22 10:31:00",,,,,,
"2016-04-22 10:32:00",,,,,,
"2016-04-22 10:33:00",,,,,,
"2016-04-22 10:34:00",,,,,,
"2016-04-22 10:35:00",,,,,,
"2016-04-22 10:36:00",,,,,,
"2016-04-22 10:37:00",,,,,,
"2016-04-22 10:38:00",,,,,,
"2016-04-22 10:39:00",,,,,,
"2016-04-22 10:40:00",,,,,,
"2016-04-22 10:41:00",,,,,,
"2016-04-22 10:42:00",,,,,,
"2016-04-22 10:43:00",,,,,,
"2016-04-22 10:44:00",,,,,,
"2016-04-22 10:45:00",,,,,,
"2016-04-22 10:46:00",,,,,,
"2016-04-22 10:47:00",,,,,,
"2016-04-22 10:48:00",,,,,,
"2016-04-22 10:49:00",,,,,,
"2016-04-22 10:50:00",,,,,,
"2016-04-22 10:51:00",,,,,,
"2016-04-22 10:52:00",,,,,,
"2016-04-22 10:53:00",,,,,,
"2016-04-22 10:54:00",,,,,,
"2016-04-22 10:55:00",,,,,,
"2016-04-22 10:56:00",,,,,,
"2016-04-22 10:57:00",,,,,,
"2016-04-22 10:58:00",,,,,,
"2016-04-22 10:59:00",,,,,,
"2016-04-22 11:00:00",,,,,,
"2016-04-22 11:01:00",,,,,,
"2016-04-22 11:02:00",,,,,,
"2016-04-22 11:03:00",,,,,,
"2016-04-22 11:04:00",,,,,,
"2016-04-22 11:05:00",,,,,,
"2016-04-22 11:06:00",,,,,,
"2016-04-22 11:07:00",,,,,,
"2016-04-22 11:08:00",,,,,,
"2016-04-22 11:09:00",,,,,,
"2016-04-22 11:10:00",,,,,,
"2016-04-22 11:11:00",,,,,,
"2016-04-22 11:12:00",,,,,,
"2016-04-22 11:13:00",,,,,,
"2016-04-22 11:14:00",,,,,,
"2016-04-22 11:15:00",,,,,,
"2016-04-22 11:16:00",,,,,,
"2016-04-22 11:17:00",,,,,,
"2016-04-22 11:18:00",,,,,,
"2016-04-22 11:19:00",,,,,,
"2016-04-22 11:20:00",,,,,,
"2016-04-22 11:21:00",,,,,,
"2016-04-22 11:22:00",,,,,,
"2016-04-22 11:23:00",,,,,,
"2016-04-22 11:24:00",,,,,,
"2016-04-22 11:25:00",,,,,,
"2016-04-22 11:26:00",,,,,,
"2016-04-22 11:27:00",,,,,,
"2016-04-22 11:28:00",,,,,,
"2016-04-22 11:29:00",,,,,,
"2016-04-22 11:30:00",,,,,,
"2016-04-22 11:31:00",,,,,,
"2016-04-22 11:32:00",,,,,,
"2016-04-22 11:33:00",,,,,,
"2016-04-22 11:34:00",,,,,,
"2016-04-22 11:35:00",,,,,,
"2016-04-22 11:36:00",,,,,,
"2016-04-22 11:37:00",,,,,,
"2016-04-22 11:38:00",,,,,,
"2016-04-22 11:39:00",,,,,,
"2016-04-22 11:40:00",,,,,,
"2016-04-22 11:41:00",,,,,,
"2016-04-22 11:42:00",,,,,,
"2016-04-22 11:43:00",,,,,,
"2016-04-22 11:44:00",,,,,,
"2016-04-22 11:45:00",83,478,1167.40002,,,
"2016-04-22 11:46:00",80,0,1.6,5.42E-5,89.6,88.7
"2016-04-22 11:47:00",,0,1.2,,,
"2016-04-22 11:48:00",120,0,3,,,
"2016-04-22 11:49:00",82,0,1.1,,,
"2016-04-22 11:50:00",81,0,1.3,6.44E-5,88.7,87.8
"2016-04-22 11:51:00",85,0,1.4,6.73E-5,90.5,87.8
"2016-04-22 11:52:00",82,0,1.5,6.62E-5,90.5,87.8
"2016-04-22 11:53:00",90,15,2.1,5.99E-5,90.5,88.7
"2016-04-22 11:54:00",98,10,2.3,6.33E-5,91.4,88.7
"2016-04-22 11:55:00",87,0,1.5,6.4E-5,91.4,88.7
"2016-04-22 11:56:00",89,9,1.7,6.29E-5,91.4,87.8
"2016-04-22 11:57:00",90,0,1.7,6.44E-5,91.4,87.8
"2016-04-22 11:58:00",89,0,1.7,6.06E-5,91.4,87.8
"2016-04-22 11:59:00",92,0,1.7,5.99E-5,91.4,87.8
"2016-04-22 12:00:00",90,0,1.5,6.23E-5,91.4,87.8
"2016-04-22 12:01:00",93,0,1.8,6.23E-5,90.5,86.9
"2016-04-22 12:02:00",95,0,1.8,6.36E-5,90.5,86.9
"2016-04-22 12:03:00",99,0,2.2,5.96E-5,90.5,86.9
"2016-04-22 12:04:00",95,7,1.8,6.29E-5,90.5,86.9
"2016-04-22 12:05:00",95,0,1.8,6.06E-5,90.5,86.9
"2016-04-22 12:06:00",92,6,1.8,6.29E-5,90.5,86.9
"2016-04-22 12:07:00",89,0,1.8,6.02E-5,90.5,86.9
"2016-04-22 12:08:00",96,6,1.9,6.09E-5,90.5,86.9
"2016-04-22 12:09:00",100,27,2.4,6.62E-5,90.5,86.9
"2016-04-22 12:10:00",102,8,2.3,5.79E-5,90.5,86.9
"2016-04-22 12:11:00",95,0,2.1,5.96E-5,90.5,86.9
"2016-04-22 12:12:00",101,0,3,6.51E-5,90.5,86.9
"2016-04-22 12:13:00",102,0,2.6,6.4E-5,90.5,86.9
"2016-04-22 12:14:00",105,0,3.5,5.99E-5,90.5,86.9
"2016-04-22 12:15:00",98,0,2.2,6.47E-5,90.5,86.9
"2016-04-22 12:16:00",107,0,3.2,6.51E-5,90.5,86.9
"2016-04-22 12:17:00",97,0,2,6.47E-5,90.5,86.9
"2016-04-22 12:18:00",94,0,1.9,6.51E-5,90.5,86.9
"2016-04-22 12:19:00",96,0,2.1,6.23E-5,90.5,86.9
"2016-04-22 12:20:00",95,0,1.9,6.33E-5,90.5,86.9
"2016-04-22 12:21:00",94,0,1.8,6.36E-5,90.5,86.9
"2016-04-22 12:22:00",87,0,1.5,6.36E-5,90.5,86.9
"2016-04-22 12:23:00",91,0,1.7,6.26E-5,90.5,86.9
"2016-04-22 12:24:00",90,0,1.7,6.19E-5,90.5,86.9
"2016-04-22 12:25:00",91,0,1.7,6.06E-5,90.5,86.9
"2016-04-22 12:26:00",89,0,1.6,6.09E-5,90.5,86.9
"2016-04-22 12:27:00",97,45,2.2,6.12E-5,90.5,86.9
"2016-04-22 12:28:00",98,15,1.9,6.44E-5,90.5,86.9
"2016-04-22 12:29:00",90,0,1.7,6.29E-5,90.5,86.9
"2016-04-22 12:30:00",89,0,1.6,6.26E-5,90.5,86.9
"2016-04-22 12:31:00",91,0,1.7,6.19E-5,90.5,86.9
"2016-04-22 12:32:00",89,0,1.5,6.02E-5,90.5,86.9
"2016-04-22 12:33:00",91,0,1.6,6.06E-5,90.5,86.9
"2016-04-22 12:34:00",92,0,1.8,6.12E-5,90.5,86.9
"2016-04-22 12:35:00",96,0,1.8,5.83E-5,90.5,86.9
"2016-04-22 12:36:00",97,27,2,0.000111,90.5,86.9
"2016-04-22 12:37:00",104,13,3.2,8.16E-5,90.5,86
"2016-04-22 12:38:00",96,0,1.9,7.85E-5,90.5,86
"2016-04-22 12:39:00",96,0,2.1,7.56E-5,89.6,86
"2016-04-22 12:40:00",99,0,2.5,7.6E-5,89.6,86.9
"2016-04-22 12:41:00",103,7,3,6.99E-5,89.6,86
"2016-04-22 12:42:00",107,11,4,6.76E-5,89.6,86
"2016-04-22 12:43:00",97,0,2,6.65E-5,89.6,86
"2016-04-22 12:44:00",91,0,1.6,6.62E-5,89.6,86
"2016-04-22 12:45:00",97,0,1.9,6.62E-5,89.6,86
"2016-04-22 12:46:00",98,59,2.4,6.36E-5,89.6,86.9
"2016-04-22 12:47:00",106,34,3.2,6.33E-5,89.6,86
"2016-04-22 12:48:00",99,0,2.4,6.12E-5,89.6,86
"2016-04-22 12:49:00",102,0,2.3,6.4E-5,89.6,86
"2016-04-22 12:50:00",97,0,1.9,6.65E-5,89.6,86
"2016-04-22 12:51:00",98,0,2,5.89E-5,89.6,86
"2016-04-22 12:52:00",101,0,2.2,6.76E-5,89.6,86.9
"2016-04-22 12:53:00",105,0,2.7,6.33E-5,89.6,86.9
"2016-04-22 12:54:00",101,0,2.3,6.09E-5,89.6,86.9
"2016-04-22 12:55:00",93,0,1.8,5.83E-5,89.6,86.9
"2016-04-22 12:56:00",97,0,1.9,5.51E-5,89.6,86
"2016-04-22 12:57:00",98,0,1.8,6.58E-5,89.6,86.9
"2016-04-22 12:58:00",97,27,2,6.02E-5,89.6,86.9
"2016-04-22 12:59:00",102,0,2.9,6.4E-5,89.6,86
"2016-04-22 13:00:00",92,0,1.8,6.54E-5,89.6,86
"2016-04-22 13:01:00",89,0,1.5,6.47E-5,89.6,86.9
"2016-04-22 13:02:00",94,0,1.8,5.92E-5,89.6,86
"2016-04-22 13:03:00",100,8,2.2,6.16E-5,89.6,86
"2016-04-22 13:04:00",102,0,2.3,6.29E-5,89.6,86
"2016-04-22 13:05:00",98,0,2.3,6.84E-5,89.6,86.9
"2016-04-22 13:06:00",95,0,1.9,6.73E-5,89.6,86.9
"2016-04-22 13:07:00",100,0,2.2,6.54E-5,89.6,86.9
"2016-04-22 13:08:00",97,0,1.8,6.26E-5,89.6,86.9
"2016-04-22 13:09:00",102,11,2.4,6.36E-5,89.6,86.9
"2016-04-22 13:10:00",102,48,2.3,6.76E-5,89.6,86.9
"2016-04-22 13:11:00",103,8,2.7,6.73E-5,89.6,86.9
"2016-04-22 13:12:00",100,0,1.9,6.33E-5,89.6,86
"2016-04-22 13:13:00",97,0,1.8,6.06E-5,89.6,86
"2016-04-22 13:14:00",98,0,1.9,6.02E-5,89.6,86.9
"2016-04-22 13:15:00",105,36,2.7,6.73E-5,89.6,86.9
"2016-04-22 13:16:00",105,0,3.4,6.4E-5,89.6,86
"2016-04-22 13:17:00",99,0,1.9,6.54E-5,89.6,86.9
"2016-04-22 13:18:00",99,0,1.9,6.54E-5,89.6,86.9
"2016-04-22 13:19:00",101,0,2,6.4E-5,89.6,86.9
"2016-04-22 13:20:00",102,0,2,6.29E-5,89.6,86.9
"2016-04-22 13:21:00",98,0,1.9,6.54E-5,89.6,86.9
"2016-04-22 13:22:00",94,0,1.7,6.88E-5,89.6,87.8
"2016-04-22 13:23:00",99,0,2,6.26E-5,89.6,87.8
"2016-04-22 13:24:00",101,0,2,6.73E-5,90.5,87.8
"2016-04-22 13:25:00",107,0,3.3,6.06E-5,90.5,87.8
"2016-04-22 13:26:00",98,0,1.9,6.23E-5,89.6,87.8
"2016-04-22 13:27:00",97,0,2,6.88E-5,89.6,87.8
"2016-04-22 13:28:00",93,0,1.7,6.06E-5,89.6,87.8
"2016-04-22 13:29:00",96,0,1.8,6.36E-5,89.6,86.9
"2016-04-22 13:30:00",97,10,2,6.29E-5,89.6,86.9
"2016-04-22 13:31:00",96,0,2.2,6.4E-5,89.6,86.9
"2016-04-22 13:32:00",101,0,2.2,6.73E-5,89.6,86.9
"2016-04-22 13:33:00",107,6,4,7.77E-5,89.6,86.9
"2016-04-22 13:34:00",112,54,5.1,6.76E-5,89.6,86
"2016-04-22 13:35:00",119,53,6.2,6.76E-5,89.6,85.1
"2016-04-22 13:36:00",100,27,2.8,8.53E-5,89.6,85.1
"2016-04-22 13:37:00",106,35,3.8,8.07E-5,89.6,85.1
"2016-04-22 13:38:00",107,59,4,6.44E-5,89.6,85.1
"2016-04-22 13:39:00",112,18,4.6,8.39E-5,88.7,85.1
"2016-04-22 13:40:00",102,51,2.9,7.19E-5,88.7,85.1
"2016-04-22 13:41:00",119,119,6.5,6.65E-5,88.7,84.2
"2016-04-22 13:42:00",119,124,6.4,5.36E-5,88.7,84.2
"2016-04-22 13:43:00",120,126,6.5,5.89E-5,88.7,84.2
"2016-04-22 13:44:00",121,122,6.7,6.36E-5,87.8,83.3
"2016-04-22 13:45:00",123,121,6.7,6.29E-5,87.8,83.3
"2016-04-22 13:46:00",124,124,6.9,6.58E-5,87.8,83.3
"2016-04-22 13:47:00",123,123,6.8,0.000178,87.8,83.3
"2016-04-22 13:48:00",122,122,6.7,0.000358,87.8,83.3
"2016-04-22 13:49:00",122,124,6.3,0.0015,87.8,83.3
"2016-04-22 13:50:00",122,120,6.6,0.00411,87.8,84.2
"2016-04-22 13:51:00",114,19,5.2,0.00969,87.8,84.2
"2016-04-22 13:52:00",104,0,3.1,0.0156,87.8,84.2
"2016-04-22 13:53:00",101,0,2.3,0.0195,88.7,86
"2016-04-22 13:54:00",110,21,4.5,0.00849,89.6,86
"2016-04-22 13:55:00",107,35,3.1,0.0222,89.6,86
"2016-04-22 13:56:00",121,124,6.4,0.038,89.6,86
"2016-04-22 13:57:00",121,125,6.6,0.0124,89.6,84.2
"2016-04-22 13:58:00",120,125,6.5,0.00312,89.6,84.2
"2016-04-22 13:59:00",124,123,6.8,0.00134,88.7,84.2
"2016-04-22 14:00:00",121,101,6.6,0.00279,88.7,83.3
"2016-04-22 14:01:00",111,0,4.2,0.0147,88.7,82.4
"2016-04-22 14:02:00",107,0,3,0.00133,87.8,83.3
"2016-04-22 14:03:00",99,0,2,0.0141,87.8,84.2
"2016-04-22 14:04:00",111,109,4.6,0.0175,88.7,85.1
"2016-04-22 14:05:00",117,129,6.1,0.0242,88.7,84.2
"2016-04-22 14:06:00",119,129,6.4,0.0469,88.7,84.2
"2016-04-22 14:07:00",123,96,6.7,0.04,88.7,84.2
"2016-04-22 14:08:00",119,112,6.4,0.0662,88.7,84.2
"2016-04-22 14:09:00",124,126,6.8,0.0868,88.7,84.2
"2016-04-22 14:10:00",127,121,7.1,0.143,88.7,83.3
"2016-04-22 14:11:00",120,100,6.1,0.156,88.7,83.3
"2016-04-22 14:12:00",123,125,6.7,0.257,88.7,82.4
"2016-04-22 14:13:00",122,125,6.6,0.293,87.8,82.4
"2016-04-22 14:14:00",125,126,6.9,0.398,87.8,82.4
"2016-04-22 14:15:00",128,127,7.2,0.356,87.8,82.4
"2016-04-22 14:16:00",125,85,6.9,0.335,87.8,82.4
"2016-04-22 14:17:00",119,38,6.2,0.389,87.8,81.5
"2016-04-22 14:18:00",112,0,4.6,0.51,86.9,81.5
"2016-04-22 14:19:00",114,0,5.2,0.616,86.9,82.4
"2016-04-22 14:20:00",105,0,2.3,0.654,87.8,83.3
"2016-04-22 14:21:00",102,0,2.1,0.554,87.8,84.2
"2016-04-22 14:22:00",106,29,2.7,0.409,88.7,84.2
"2016-04-22 14:23:00",102,0,2.2,0.305,88.7,84.2
"2016-04-22 14:24:00",104,0,2.1,0.0747,88.7,84.2
"2016-04-22 14:25:00",106,12,2.7,0.0519,88.7,85.1
"2016-04-22 14:26:00",100,0,2.2,0.0265,89.6,85.1
"2016-04-22 14:27:00",111,35,4.5,0.0839,89.6,85.1
"2016-04-22 14:28:00",101,33,2.5,0.193,89.6,85.1
"2016-04-22 14:29:00",106,12,3,0.0991,89.6,85.1
"2016-04-22 14:30:00",100,0,1.9,0.0735,88.7,85.1
"2016-04-22 14:31:00",100,0,2,0.0362,88.7,85.1
"2016-04-22 14:32:00",102,0,2.1,0.0328,89.6,86
"2016-04-22 14:33:00",91,21,1.7,0.0143,89.6,86
"2016-04-22 14:34:00",109,37,3.5,0.00892,89.6,86
"2016-04-22 14:35:00",98,43,2.1,0.00873,89.6,85.1
"2016-04-22 14:36:00",100,21,2.2,0.00274,89.6,85.1
"2016-04-22 14:37:00",98,7,2,0.00254,89.6,85.1
"2016-04-22 14:38:00",97,0,2,0.0014,88.7,85.1
"2016-04-22 14:39:00",99,0,1.9,0.00148,88.7,85.1
"2016-04-22 14:40:00",98,0,1.9,0.000922,88.7,86
"2016-04-22 14:41:00",98,0,2,0.000877,89.6,85.1
"2016-04-22 14:42:00",95,0,1.9,0.000785,89.6,86
"2016-04-22 14:43:00",98,9,1.9,0.00298,89.6,86
"2016-04-22 14:44:00",92,0,1.6,0.00622,89.6,86
"2016-04-22 14:45:00",95,0,1.8,0.00324,89.6,85.1
"2016-04-22 14:46:00",93,0,1.8,0.00172,89.6,86
"2016-04-22 14:47:00",96,63,2.1,0.00157,89.6,86
"2016-04-22 14:48:00",101,30,2.2,0.00301,89.6,86
"2016-04-22 14:49:00",103,6,2.4,0.00665,89.6,85.1
"2016-04-22 14:50:00",99,0,1.8,0.00113,89.6,85.1
"2016-04-22 14:51:00",96,0,2,0.000247,89.6,86
"2016-04-22 14:52:00",107,27,2.8,0.000346,89.6,86
"2016-04-22 14:53:00",111,50,4.3,0.124,89.6,86.9
"2016-04-22 14:54:00",105,0,2.5,0.0464,89.6,86.9
"2016-04-22 14:55:00",105,0,2.5,0.0279,89.6,86
"2016-04-22 14:56:00",98,0,1.8,0.00207,88.7,86
"2016-04-22 14:57:00",102,0,2,0.000201,89.6,86.9
"2016-04-22 14:58:00",104,0,2.3,0.000238,89.6,86.9
"2016-04-22 14:59:00",101,0,2,0.000938,89.6,86.9
"2016-04-22 15:00:00",101,0,2,0.000261,89.6,86.9
"2016-04-22 15:01:00",98,0,1.9,0.00102,90.5,86.9
"2016-04-22 15:02:00",99,0,2,0.000533,90.5,86.9
"2016-04-22 15:03:00",97,0,1.9,0.000229,90.5,86.9
"2016-04-22 15:04:00",94,0,1.7,0.00014,90.5,86.9
"2016-04-22 15:05:00",97,0,1.7,0.000128,90.5,86.9
"2016-04-22 15:06:00",98,0,1.9,0.000106,90.5,87.8
"2016-04-22 15:07:00",101,0,2.1,0.000101,90.5,87.8
"2016-04-22 15:08:00",96,0,1.8,0.000102,90.5,88.7
"2016-04-22 15:09:00",92,0,1.6,9.97E-5,90.5,87.8
"2016-04-22 15:10:00",96,0,1.7,9.02E-5,90.5,87.8
"2016-04-22 15:11:00",95,0,1.8,7.77E-5,90.5,87.8
"2016-04-22 15:12:00",90,0,1.5,8.3E-5,90.5,87.8
"2016-04-22 15:13:00",93,0,1.7,8.21E-5,90.5,87.8
"2016-04-22 15:14:00",95,0,1.7,7.6E-5,90.5,87.8
"2016-04-22 15:15:00",91,0,1.6,8.12E-5,90.5,87.8
"2016-04-22 15:16:00",96,0,1.8,7.31E-5,90.5,87.8
"2016-04-22 15:17:00",100,0,2.1,8.12E-5,90.5,86.9
"2016-04-22 15:18:00",105,0,3,7.64E-5,90.5,86.9
"2016-04-22 15:19:00",95,0,1.7,9.75E-5,90.5,86.9
"2016-04-22 15:20:00",99,0,1.9,9.75E-5,90.5,87.8
"2016-04-22 15:21:00",96,0,1.7,9.07E-5,90.5,87.8
"2016-04-22 15:22:00",92,0,1.8,9.91E-5,90.5,87.8
"2016-04-22 15:23:00",95,0,1.7,8.68E-5,90.5,87.8
"2016-04-22 15:24:00",96,0,1.7,8.97E-5,90.5,86.9
"2016-04-22 15:25:00",97,0,1.9,8.58E-5,90.5,86.9
"2016-04-22 15:26:00",93,0,1.8,8.68E-5,90.5,86.9
"2016-04-22 15:27:00",94,0,1.7,8.82E-5,90.5,86.9
"2016-04-22 15:28:00",97,0,1.8,7.51E-5,90.5,86.9
"2016-04-22 15:29:00",101,0,2.4,7.81E-5,90.5,86.9
"2016-04-22 15:30:00",97,0,1.7,7.81E-5,90.5,87.8
"2016-04-22 15:31:00",99,0,1.9,7.35E-5,90.5,87.8
"2016-04-22 15:32:00",99,0,1.9,7.47E-5,90.5,88.7
"2016-04-22 15:33:00",97,32,2,7.56E-5,90.5,88.7
"2016-04-22 15:34:00",99,0,2,7.27E-5,90.5,87.8
"2016-04-22 15:35:00",97,6,1.9,7.6E-5,90.5,86.9
"2016-04-22 15:36:00",95,25,2,7.03E-5,90.5,86
"2016-04-22 15:37:00",101,3,2,8.39E-5,89.6,86
"2016-04-22 15:38:00",100,9,2.1,7.77E-5,89.6,86
"2016-04-22 15:39:00",104,58,2.5,8.77E-5,89.6,86
"2016-04-22 15:40:00",107,0,2.3,8.73E-5,89.6,86
"2016-04-22 15:41:00",118,53,6.1,5.83E-5,89.6,86
"2016-04-22 15:42:00",98,0,2.1,8.35E-5,89.6,85.1
"2016-04-22 15:43:00",98,0,2.2,7.64E-5,88.7,85.1
"2016-04-22 15:44:00",109,9,3.2,7.27E-5,88.7,85.1
"2016-04-22 15:45:00",96,0,1.7,0.00014,88.7,85.1
"2016-04-22 15:46:00",107,8,2.8,0.000133,88.7,86
"2016-04-22 15:47:00",103,0,2,0.000676,89.6,86
"2016-04-22 15:48:00",105,10,2.8,0.00148,89.6,86
"2016-04-22 15:49:00",105,88,2.8,0.000432,89.6,86
"2016-04-22 15:50:00",119,90,5.8,0.000128,89.6,85.1
"2016-04-22 15:51:00",111,37,4.5,0.000119,88.7,84.2
"2016-04-22 15:52:00",98,0,1.8,0.000108,88.7,84.2
"2016-04-22 15:53:00",100,0,1.9,0.000108,88.7,84.2
"2016-04-22 15:54:00",103,0,2.2,9.17E-5,88.7,85.1
"2016-04-22 15:55:00",103,18,2.1,9.53E-5,88.7,85.1
"2016-04-22 15:56:00",104,25,2.6,8.49E-5,88.7,85.1
"2016-04-22 15:57:00",112,34,4.5,9.86E-5,88.7,85.1
"2016-04-22 15:58:00",109,9,2.9,0.000187,88.7,85.1
"2016-04-22 15:59:00",103,15,2.1,0.000277,88.7,85.1
"2016-04-22 16:00:00",100,0,1.9,0.00064,88.7,86
"2016-04-22 16:01:00",99,0,2,0.000264,89.6,86
"2016-04-22 16:02:00",102,6,2.6,0.000143,89.6,86
"2016-04-22 16:03:00",110,0,3.2,0.000104,89.6,86
"2016-04-22 16:04:00",108,0,3.6,0.000768,89.6,86
"2016-04-22 16:05:00",104,0,2.1,0.00186,89.6,86
"2016-04-22 16:06:00",116,10,6,0.000563,89.6,86
"2016-04-22 16:07:00",120,69,6.2,0.0209,89.6,86
"2016-04-22 16:08:00",116,111,5,0.0143,89.6,85.1
"2016-04-22 16:09:00",114,5,5.1,0.00444,88.7,84.2
"2016-04-22 16:10:00",119,0,5.2,0.00892,88.7,84.2
"2016-04-22 16:11:00",113,0,5,0.0226,88.7,84.2
"2016-04-22 16:12:00",108,0,2.6,0.0214,88.7,84.2
"2016-04-22 16:13:00",109,0,3.5,0.0246,88.7,84.2
"2016-04-22 16:14:00",104,0,2.2,0.0554,87.8,84.2
"2016-04-22 16:15:00",115,0,5.6,0.0366,87.8,84.2
"2016-04-22 16:16:00",108,7,3.4,0.0227,87.8,84.2
"2016-04-22 16:17:00",112,0,4.3,0.0324,87.8,84.2
"2016-04-22 16:18:00",111,0,4,0.0121,87.8,84.2
"2016-04-22 16:19:00",115,6,5.3,0.0413,87.8,85.1
"2016-04-22 16:20:00",110,12,3.6,0.0499,88.7,85.1
"2016-04-22 16:21:00",109,0,3.4,0.0626,88.7,85.1
"2016-04-22 16:22:00",112,0,4.7,0.0545,88.7,85.1
"2016-04-22 16:23:00",112,0,4.7,0.0208,88.7,85.1
"2016-04-22 16:24:00",115,0,5.5,0.00887,88.7,85.1
"2016-04-22 16:25:00",119,46,6.4,0.0102,88.7,85.1
"2016-04-22 16:26:00",108,0,3.2,0.0692,88.7,84.2
"2016-04-22 16:27:00",103,17,2.6,0.0342,88.7,85.1
"2016-04-22 16:28:00",109,11,3.6,0.0303,88.7,85.1
"2016-04-22 16:29:00",110,6,3.6,0.043,88.7,85.1
"2016-04-22 16:30:00",113,0,5,0.0284,88.7,85.1
"2016-04-22 16:31:00",113,0,4.9,0.0268,88.7,85.1
"2016-04-22 16:32:00",115,14,5.4,0.0723,88.7,85.1
"2016-04-22 16:33:00",136,10,7.8,0.122,88.7,85.1
"2016-04-22 16:34:00",124,44,6.8,0.442,88.7,84.2
"2016-04-22 16:35:00",121,41,6.1,0.488,88.7,83.3
"2016-04-22 16:36:00",115,41,5.6,0.362,87.8,83.3
"2016-04-22 16:37:00",108,21,3.2,0.271,87.8,82.4
"2016-04-22 16:38:00",117,22,6.1,0.362,87.8,83.3
"2016-04-22 16:39:00",119,58,6.2,0.464,87.8,83.3
"2016-04-22 16:40:00",125,96,6.9,0.36,87.8,83.3
"2016-04-22 16:41:00",111,128,4.5,0.447,87.8,83.3
"2016-04-22 16:42:00",127,124,7.1,0.00563,87.8,83.3
"2016-04-22 16:43:00",136,85,7.8,0.00622,87.8,82.4
"2016-04-22 16:44:00",113,127,4.6,0.335,87.8,81.5
"2016-04-22 16:45:00",123,81,6.6,0.715,87.8,81.5
"2016-04-22 16:46:00",124,123,6.9,0.491,87.8,82.4
"2016-04-22 16:47:00",125,71,6.8,0.452,87.8,82.4
"2016-04-22 16:48:00",129,28,7.2,0.51,87.8,83.3
"2016-04-22 16:49:00",114,0,4.7,0.658,87.8,83.3
"2016-04-22 16:50:00",117,0,6,1.02,87.8,83.3
"2016-04-22 16:51:00",117,0,5.8,1.17,88.7,83.3
"2016-04-22 16:52:00",107,0,2.8,0.64,88.7,84.2
"2016-04-22 16:53:00",109,0,3.4,0.364,88.7,84.2
"2016-04-22 16:54:00",114,0,4.8,0.504,88.7,83.3
"2016-04-22 16:55:00",103,0,2.4,0.768,88.7,83.3
"2016-04-22 16:56:00",107,0,2.1,0.959,88.7,84.2
"2016-04-22 16:57:00",107,7,2.5,0.877,88.7,85.1
"2016-04-22 16:58:00",100,102,2.1,0.658,88.7,85.1
"2016-04-22 16:59:00",133,106,7.3,0.287,88.7,84.2
"2016-04-22 17:00:00",136,121,7.9,0.189,88.7,82.4
"2016-04-22 17:01:00",123,87,6.6,0.17,88.7,82.4
"2016-04-22 17:02:00",124,125,6.8,0.387,87.8,82.4
"2016-04-22 17:03:00",125,122,6.9,0.404,87.8,82.4
"2016-04-22 17:04:00",127,120,7,0.464,87.8,81.5
"2016-04-22 17:05:00",136,118,7.9,0.475,87.8,81.5
"2016-04-22 17:06:00",134,87,7.7,0.647,87.8,81.5
"2016-04-22 17:07:00",125,76,6.8,0.56,87.8,81.5
"2016-04-22 17:08:00",118,0,6,0.573,87.8,82.4
"2016-04-22 17:09:00",119,16,5.6,0.301,87.8,83.3
"2016-04-22 17:10:00",114,0,4.3,0.64,88.7,84.2
"2016-04-22 17:11:00",115,0,4.2,0.459,88.7,85.1
"2016-04-22 17:12:00",113,0,3.9,0.354,89.6,85.1
"2016-04-22 17:13:00",116,0,4.6,0.539,89.6,85.1
"2016-04-22 17:14:00",116,0,4.8,0.948,89.6,86
"2016-04-22 17:15:00",112,0,3.8,0.662,90.5,85.1
"2016-04-22 17:16:00",111,0,2.9,0.485,89.6,85.1
"2016-04-22 17:17:00",109,0,2.3,0.0633,89.6,85.1
"2016-04-22 17:18:00",104,0,2,0.0277,89.6,84.2
"2016-04-22 17:19:00",114,0,3.9,0.0189,89.6,84.2
"2016-04-22 17:20:00",111,0,3,0.02,89.6,84.2
"2016-04-22 17:21:00",110,0,2.2,0.0194,89.6,84.2
"2016-04-22 17:22:00",112,0,3.6,0.0118,88.7,84.2
"2016-04-22 17:23:00",105,0,2.1,0.0057,88.7,84.2
"2016-04-22 17:24:00",101,0,2,0.00331,88.7,83.3
"2016-04-22 17:25:00",106,0,2.1,0.00333,88.7,83.3
"2016-04-22 17:26:00",104,0,2,0.00178,88.7,83.3
"2016-04-22 17:27:00",106,0,2.3,0.00128,88.7,83.3
"2016-04-22 17:28:00",112,0,3.2,0.000892,88.7,83.3
"2016-04-22 17:29:00",111,0,3.2,0.000493,88.7,83.3
"2016-04-22 17:30:00",112,0,3.2,0.001,88.7,83.3
"2016-04-22 17:31:00",110,0,3.1,0.000684,88.7,83.3
"2016-04-22 17:32:00",110,0,2.5,0.00056,88.7,83.3
"2016-04-22 17:33:00",114,8,3.4,0.0021,88.7,83.3
"2016-04-22 17:34:00",112,16,3.3,0.000922,88.7,83.3
"2016-04-22 17:35:00",106,34,2.2,0.000612,88.7,83.3
"2016-04-22 17:36:00",122,116,5.3,0.000527,87.8,83.3
"2016-04-22 17:37:00",128,113,7.1,0.00197,87.8,82.4
"2016-04-22 17:38:00",124,107,5.4,0.00216,87.8,81.5
"2016-04-22 17:39:00",110,63,3.4,0.00146,86.9,80.6
"2016-04-22 17:40:00",117,128,5,0.00141,86.9,80.6
"2016-04-22 17:41:00",131,124,7.2,0.000996,86.9,80.6
"2016-04-22 17:42:00",126,122,7,0.000835,86,79.7
"2016-04-22 17:43:00",120,111,5.4,0.00257,86,79.7
"2016-04-22 17:44:00",127,121,7,0.0148,86,78.8
"2016-04-22 17:45:00",129,124,7.2,0.0292,85.1,79.7
"2016-04-22 17:46:00",124,93,6.7,0.02,85.1,78.8
"2016-04-22 17:47:00",117,7,5.4,0.0185,85.1,78.8
"2016-04-22 17:48:00",113,25,3.3,0.0825,85.1,79.7
"2016-04-22 17:49:00",111,17,2.9,0.703,86,81.5
"2016-04-22 17:50:00",111,0,2.8,0.579,86.9,82.4
"2016-04-22 17:51:00",109,0,2.1,0.423,87.8,83.3
"2016-04-22 17:52:00",102,0,1.9,0.264,87.8,83.3
"2016-04-22 17:53:00",99,0,1.7,0.128,88.7,84.2
"2016-04-22 17:54:00",100,0,1.8,0.0711,88.7,84.2
"2016-04-22 17:55:00",100,0,1.8,0.0794,88.7,85.1
"2016-04-22 17:56:00",101,0,1.9,0.0647,89.6,85.1
"2016-04-22 17:57:00",103,0,1.8,0.0409,89.6,86
"2016-04-22 17:58:00",99,0,1.8,0.0358,89.6,86
"2016-04-22 17:59:00",98,0,1.7,0.0201,89.6,86.9
"2016-04-22 18:00:00",106,39,2.6,0.0145,90.5,86.9
"2016-04-22 18:01:00",114,42,3.3,0.0181,90.5,86
"2016-04-22 18:02:00",116,14,5,0.00882,90.5,86.9
"2016-04-22 18:03:00",108,35,2.3,0.0554,90.5,86
"2016-04-22 18:04:00",102,0,2,0.026,90.5,86
"2016-04-22 18:05:00",97,0,2,0.000986,90.5,86.9
"2016-04-22 18:06:00",100,0,2.1,0.00444,90.5,86.9
"2016-04-22 18:07:00",104,0,1.9,0.00579,90.5,86.9
"2016-04-22 18:08:00",100,0,2,0.00849,90.5,86.9
"2016-04-22 18:09:00",101,0,1.8,0.00276,91.4,86.9
"2016-04-22 18:10:00",99,0,1.6,0.00326,91.4,87.8
"2016-04-22 18:11:00",97,0,1.7,0.00257,91.4,87.8
"2016-04-22 18:12:00",97,0,1.6,0.00199,91.4,88.7
"2016-04-22 18:13:00",96,0,1.8,0.00171,92.3,89.6
"2016-04-22 18:14:00",95,8,1.8,0.00124,92.3,89.6
"2016-04-22 18:15:00",103,0,2.2,0.0012,92.3,89.6
"2016-04-22 18:16:00",95,0,1.7,0.000772,92.3,88.7
"2016-04-22 18:17:00",95,0,1.7,0.000695,92.3,88.7
"2016-04-22 18:18:00",95,0,1.6,0.000612,92.3,88.7
"2016-04-22 18:19:00",94,0,1.7,0.000658,92.3,88.7
"2016-04-22 18:20:00",93,0,1.5,0.000609,92.3,88.7
"2016-04-22 18:21:00",96,0,1.6,0.000557,92.3,88.7
"2016-04-22 18:22:00",96,0,1.7,0.000545,92.3,88.7
"2016-04-22 18:23:00",95,0,1.6,0.000485,92.3,88.7
"2016-04-22 18:24:00",100,0,2.1,0.00048,92.3,88.7
"2016-04-22 18:25:00",99,0,1.9,0.000368,92.3,88.7
"2016-04-22 18:26:00",95,24,2.1,0.000382,92.3,88.7
"2016-04-22 18:27:00",107,0,2.2,0.00031,92.3,88.7
"2016-04-22 18:28:00",96,0,1.7,0.000193,92.3,88.7
"2016-04-22 18:29:00",98,0,1.8,0.000271,91.4,87.8
"2016-04-22 18:30:00",96,0,1.7,0.000265,91.4,87.8
"2016-04-22 18:31:00",98,0,1.6,0.00025,91.4,87.8
"2016-04-22 18:32:00",92,0,1.5,0.000231,91.4,87.8
"2016-04-22 18:33:00",90,0,1.5,0.000261,91.4,87.8
"2016-04-22 18:34:00",94,0,1.6,0.000239,91.4,87.8
"2016-04-22 18:35:00",91,0,1.5,0.000215,91.4,87.8
"2016-04-22 18:36:00",90,0,1.4,0.000217,91.4,87.8
"2016-04-22 18:37:00",91,0,1.4,0.000215,91.4,87.8
"2016-04-22 18:38:00",94,0,1.7,0.000214,91.4,87.8
"2016-04-22 18:39:00",95,0,1.6,0.000204,91.4,87.8
"2016-04-22 18:40:00",95,0,1.6,0.000195,91.4,87.8
"2016-04-22 18:41:00",93,0,1.6,0.000187,91.4,87.8
"2016-04-22 18:42:00",102,0,1.9,0.000196,91.4,87.8
"2016-04-22 18:43:00",95,0,1.6,0.000185,91.4,87.8
"2016-04-22 18:44:00",92,0,1.5,0.000168,91.4,87.8
"2016-04-22 18:45:00",88,0,1.4,0.00017,91.4,87.8
"2016-04-22 18:46:00",98,29,2,0.000173,90.5,87.8
"2016-04-22 18:47:00",100,30,2.3,0.000182,91.4,87.8
"2016-04-22 18:48:00",101,30,2.5,0.000213,90.5,86.9
"2016-04-22 18:49:00",126,79,6.3,0.000305,90.5,86
"2016-04-22 18:50:00",121,40,4.6,0.0137,89.6,85.1
"2016-04-22 18:51:00",126,0,6.2,0.477,89.6,85.1
"2016-04-22 18:52:00",128,0,7.1,0.658,89.6,85.1
"2016-04-22 18:53:00",128,0,6.9,0.943,89.6,85.1
"2016-04-22 18:54:00",126,0,6.8,1.44,89.6,85.1
"2016-04-22 18:55:00",111,0,2.6,4.32,89.6,86
"2016-04-22 18:56:00",109,7,2.6,5.1,90.5,86
"2016-04-22 18:57:00",107,19,2.1,1.96,90.5,86
"2016-04-22 18:58:00",104,32,2.2,1.48,91.4,86.9
"2016-04-22 18:59:00",120,105,6.2,1.29,91.4,87.8
"2016-04-22 19:00:00",142,28,8.5,0.339,91.4,87.8
"2016-04-22 19:01:00",139,61,8.1,0.281,91.4,86.9
"2016-04-22 19:02:00",150,28,9,1.42,91.4,86.9
"2016-04-22 19:03:00",140,17,8.1,3.28,91.4,86.9
"2016-04-22 19:04:00",140,30,7.6,2.01,91.4,86.9
"2016-04-22 19:05:00",141,0,8.1,4.8,91.4,86.9
"2016-04-22 19:06:00",137,0,7.7,4.18,91.4,86.9
"2016-04-22 19:07:00",120,0,6.3,6.36,91.4,86.9
"2016-04-22 19:08:00",130,77,7.6,7.55,91.4,86.9
"2016-04-22 19:09:00",152,56,9.5,4.83,91.4,86.9
"2016-04-22 19:10:00",139,26,8.1,2.36,90.5,86
"2016-04-22 19:11:00",158,9,9.8,6.43,91.4,86.9
"2016-04-22 19:12:00",143,6,8.3,4.49,90.5,86
"2016-04-22 19:13:00",136,18,7.7,2.3,91.4,86
"2016-04-22 19:14:00",138,0,7.9,5.92,90.5,86
"2016-04-22 19:15:00",145,0,8.4,3.89,90.5,86
"2016-04-22 19:16:00",135,41,8,4.64,90.5,86
"2016-04-22 19:17:00",156,78,10,5.27,90.5,86
"2016-04-22 19:18:00",142,24,8.3,2.5,90.5,86
"2016-04-22 19:19:00",161,50,10,6.19,90.5,86
"2016-04-22 19:20:00",137,0,7.9,5.95,90.5,86
"2016-04-22 19:21:00",129,30,6.1,5.48,90.5,86
"2016-04-22 19:22:00",137,0,7.8,5.99,90.5,86
"2016-04-22 19:23:00",128,0,7,5.99,90.5,86.9
"2016-04-22 19:24:00",121,0,6.3,3.24,90.5,86.9
"2016-04-22 19:25:00",127,87,7.6,3.85,91.4,86.9
"2016-04-22 19:26:00",141,25,8.3,1.16,91.4,86.9
"2016-04-22 19:27:00",132,58,7.4,2.22,90.5,86
"2016-04-22 19:28:00",153,29,9.3,3.62,90.5,86
"2016-04-22 19:29:00",137,7,7.9,3.89,90.5,86
"2016-04-22 19:30:00",139,10,6.8,2.54,90.5,86
"2016-04-22 19:31:00",137,0,7.8,4.69,90.5,86
"2016-04-22 19:32:00",137,0,7.8,5.6,90.5,86
"2016-04-22 19:33:00",128,10,6.9,5.16,90.5,86.9
"2016-04-22 19:34:00",128,0,7,2.74,91.4,87.8
"2016-04-22 19:35:00",122,0,5.5,7.43,91.4,87.8
"2016-04-22 19:36:00",131,11,7.2,1.37,91.4,87.8
"2016-04-22 19:37:00",127,0,5.9,6.16,91.4,87.8
"2016-04-22 19:38:00",122,0,6.4,6.95,91.4,87.8
"2016-04-22 19:39:00",130,0,7.1,0.000586,91.4,87.8
"2016-04-22 19:40:00",129,0,7.1,1.24,91.4,87.8
"2016-04-22 19:41:00",127,10,6.9,3,91.4,87.8
"2016-04-22 19:42:00",128,0,7,3.56,91.4,87.8
"2016-04-22 19:43:00",119,7,5.9,3.08,91.4,87.8
"2016-04-22 19:44:00",115,0,4.3,2.31,91.4,87.8
"2016-04-22 19:45:00",114,0,1.2,1.16,90.5,87.8
"2016-04-22 19:46:00",,0,1,,,
"2016-04-22 19:47:00",,0,1.1,,,
"2016-04-22 19:48:00",,0,1,,,
"2016-04-22 19:49:00",,0,1,,,
"2016-04-22 19:50:00",,0,1.1,,,
"2016-04-22 19:51:00",,0,1,,,
"2016-04-22 19:52:00",,0,1,,,
"2016-04-22 19:53:00",,0,1.1,,,
"2016-04-22 19:54:00",,0,1,,,
"2016-04-22 19:55:00",,0,1,,,
"2016-04-22 19:56:00",,0,1,,,
"2016-04-22 19:57:00",,0,0.9,,,
"2016-04-22 19:58:00",87,0,1.1,,,
"2016-04-22 19:59:00",105,12,2.3,0.000148,86,84.2
"2016-04-22 20:00:00",113,8,2.9,0.000352,88.7,84.2
"2016-04-22 20:01:00",112,0,3.5,0.000521,88.7,84.2
"2016-04-22 20:02:00",112,8,3.6,0.000844,89.6,86
"2016-04-22 20:03:00",110,0,3.3,0.000658,90.5,87.8
"2016-04-22 20:04:00",110,0,2.4,0.00105,91.4,88.7
"2016-04-22 20:05:00",109,0,2.1,0.000187,92.3,88.7
"2016-04-22 20:06:00",109,0,2.1,0.000542,92.3,88.7
"2016-04-22 20:07:00",109,0,2.1,0.00114,92.3,88.7
"2016-04-22 20:08:00",109,0,2.4,0.000636,92.3,88.7
"2016-04-22 20:09:00",107,0,2,0.000362,92.3,88.7
"2016-04-22 20:10:00",106,0,2,0.000229,92.3,89.6
"2016-04-22 20:11:00",106,0,1.9,0.000201,92.3,89.6
"2016-04-22 20:12:00",106,0,2,0.000183,93.2,89.6
"2016-04-22 20:13:00",104,0,1.9,8.82E-5,93.2,89.6
"2016-04-22 20:14:00",102,0,1.8,7.64E-5,93.2,89.6
"2016-04-22 20:15:00",108,0,2.1,9.22E-5,93.2,89.6
"2016-04-22 20:16:00",106,0,2,0.0001,92.3,88.7
"2016-04-22 20:17:00",102,0,1.7,9.8E-5,92.3,88.7
"2016-04-22 20:18:00",103,0,1.9,9.69E-5,92.3,88.7
"2016-04-22 20:19:00",105,0,1.9,7.35E-5,92.3,88.7
"2016-04-22 20:20:00",100,0,1.7,6.54E-5,92.3,88.7
"2016-04-22 20:21:00",103,0,1.8,7.31E-5,92.3,88.7
"2016-04-22 20:22:00",105,0,2,7.23E-5,92.3,88.7
"2016-04-22 20:23:00",101,0,1.8,6.29E-5,92.3,88.7
"2016-04-22 20:24:00",98,0,1.7,6.4E-5,92.3,88.7
"2016-04-22 20:25:00",104,0,1.9,6.62E-5,92.3,88.7
"2016-04-22 20:26:00",102,0,1.8,6.76E-5,92.3,88.7
"2016-04-22 20:27:00",97,0,1.6,6.51E-5,92.3,88.7
"2016-04-22 20:28:00",104,6,2,6.65E-5,92.3,88.7
"2016-04-22 20:29:00",100,0,1.7,6.76E-5,92.3,88.7
"2016-04-22 20:30:00",100,0,1.8,6.26E-5,92.3,88.7
"2016-04-22 20:31:00",98,0,2,6.76E-5,92.3,88.7
"2016-04-22 20:32:00",101,0,1.8,6.16E-5,92.3,88.7
"2016-04-22 20:33:00",95,0,1.6,5.83E-5,92.3,88.7
"2016-04-22 20:34:00",96,0,1.6,6.16E-5,92.3,88.7
"2016-04-22 20:35:00",94,0,1.6,5.96E-5,92.3,88.7
"2016-04-22 20:36:00",100,0,1.7,5.83E-5,92.3,88.7
"2016-04-22 20:37:00",99,0,1.7,5.76E-5,92.3,88.7
"2016-04-22 20:38:00",98,0,1.7,5.67E-5,92.3,88.7
"2016-04-22 20:39:00",100,0,1.8,5.7E-5,92.3,88.7
"2016-04-22 20:40:00",96,0,1.6,5.63E-5,92.3,88.7
"2016-04-22 20:41:00",96,0,1.7,5.7E-5,92.3,88.7
"2016-04-22 20:42:00",95,0,1.5,5.57E-5,91.4,88.7
"2016-04-22 20:43:00",98,0,1.7,5.57E-5,91.4,88.7
"2016-04-22 20:44:00",97,0,1.6,5.57E-5,91.4,88.7
"2016-04-22 20:45:00",92,0,1.5,5.6E-5,91.4,88.7
"2016-04-22 20:46:00",93,0,1.4,5.6E-5,91.4,88.7
"2016-04-22 20:47:00",92,0,1.5,5.57E-5,91.4,88.7
"2016-04-22 20:48:00",94,0,1.6,5.67E-5,91.4,88.7
"2016-04-22 20:49:00",99,0,1.7,5.6E-5,91.4,88.7
"2016-04-22 20:50:00",93,0,1.5,5.67E-5,91.4,88.7
"2016-04-22 20:51:00",94,0,1.4,5.57E-5,91.4,88.7
"2016-04-22 20:52:00",95,0,1.6,5.6E-5,91.4,88.7
"2016-04-22 20:53:00",95,0,1.7,6.06E-5,91.4,88.7
"2016-04-22 20:54:00",93,0,1.5,6.02E-5,92.3,88.7
"2016-04-22 20:55:00",94,0,1.6,6.58E-5,92.3,89.6
"2016-04-22 20:56:00",94,0,1.5,6.65E-5,92.3,89.6
"2016-04-22 20:57:00",96,0,1.7,6.44E-5,92.3,89.6
"2016-04-22 20:58:00",96,0,1.6,6.62E-5,92.3,89.6
"2016-04-22 20:59:00",94,0,1.6,5.73E-5,92.3,89.6
